--------------------------------------------------------
-- Archivo creado  - lunes-agosto-03-2020   
--------------------------------------------------------
DROP TABLE "UJPA"."ACCIDENTES" cascade constraints;
DROP TABLE "UJPA"."ASESORIAS" cascade constraints;
DROP TABLE "UJPA"."CAPACITACIONES" cascade constraints;
DROP TABLE "UJPA"."CHEQUEO" cascade constraints;
DROP TABLE "UJPA"."CLIENTE" cascade constraints;
DROP TABLE "UJPA"."EMPLEADO" cascade constraints;
DROP TABLE "UJPA"."MEJORAS" cascade constraints;
DROP TABLE "UJPA"."PAGOS" cascade constraints;
DROP TABLE "UJPA"."ROLES_USUARIOS" cascade constraints;
DROP TABLE "UJPA"."USUARIOS" cascade constraints;
DROP TABLE "UJPA"."VISITAS" cascade constraints;
--------------------------------------------------------
--  DDL for Sequence ACCIDENTES_SEQ
--------------------------------------------------------

   CREATE SEQUENCE  "UJPA"."ACCIDENTES_SEQ"  MINVALUE 1 MAXVALUE 9999999999999999999999999999 INCREMENT BY 1 START WITH 4 CACHE 20 NOORDER  NOCYCLE ;
--------------------------------------------------------
--  DDL for Sequence ASESORIAS_SEQ
--------------------------------------------------------

   CREATE SEQUENCE  "UJPA"."ASESORIAS_SEQ"  MINVALUE 1 MAXVALUE 9999999999999999999999999999 INCREMENT BY 1 START WITH 2 CACHE 20 NOORDER  NOCYCLE ;
--------------------------------------------------------
--  DDL for Sequence CAPACITACIONES_SEQ
--------------------------------------------------------

   CREATE SEQUENCE  "UJPA"."CAPACITACIONES_SEQ"  MINVALUE 1 MAXVALUE 9999999999999999999999999999 INCREMENT BY 1 START WITH 7 CACHE 20 NOORDER  NOCYCLE ;
--------------------------------------------------------
--  DDL for Sequence CHEQUEO_SEQ
--------------------------------------------------------

   CREATE SEQUENCE  "UJPA"."CHEQUEO_SEQ"  MINVALUE 1 MAXVALUE 9999999999999999999999999999 INCREMENT BY 1 START WITH 6 CACHE 20 NOORDER  NOCYCLE ;
--------------------------------------------------------
--  DDL for Sequence CLIENTE_SEQ
--------------------------------------------------------

   CREATE SEQUENCE  "UJPA"."CLIENTE_SEQ"  MINVALUE 1 MAXVALUE 9999999999999999999999999999 INCREMENT BY 1 START WITH 31 CACHE 20 NOORDER  NOCYCLE ;
--------------------------------------------------------
--  DDL for Sequence EMPLEADO_SEQ
--------------------------------------------------------

   CREATE SEQUENCE  "UJPA"."EMPLEADO_SEQ"  MINVALUE 1 MAXVALUE 9999999999999999999999999999 INCREMENT BY 1 START WITH 10 CACHE 20 NOORDER  NOCYCLE ;
--------------------------------------------------------
--  DDL for Sequence MEJORAS_SEQ
--------------------------------------------------------

   CREATE SEQUENCE  "UJPA"."MEJORAS_SEQ"  MINVALUE 1 MAXVALUE 9999999999999999999999999999 INCREMENT BY 1 START WITH 10 CACHE 20 NOORDER  NOCYCLE ;
--------------------------------------------------------
--  DDL for Sequence PAGOS_SEQ
--------------------------------------------------------

   CREATE SEQUENCE  "UJPA"."PAGOS_SEQ"  MINVALUE 1 MAXVALUE 9999999999999999999999999999 INCREMENT BY 1 START WITH 16 CACHE 20 NOORDER  NOCYCLE ;
--------------------------------------------------------
--  DDL for Sequence VISITAS_SEQ
--------------------------------------------------------

   CREATE SEQUENCE  "UJPA"."VISITAS_SEQ"  MINVALUE 1 MAXVALUE 9999999999999999999999999999 INCREMENT BY 1 START WITH 10 CACHE 20 NOORDER  NOCYCLE ;
--------------------------------------------------------
--  DDL for Table ACCIDENTES
--------------------------------------------------------

  CREATE TABLE "UJPA"."ACCIDENTES" 
   (	"IDACCIDENTE" NUMBER, 
	"FECHA" VARCHAR2(10 BYTE), 
	"HORA" VARCHAR2(10 BYTE), 
	"SUCESO" VARCHAR2(500 BYTE), 
	"LUGAR" VARCHAR2(100 BYTE), 
	"CLIENTE_ID" NUMBER
   ) SEGMENT CREATION IMMEDIATE 
  PCTFREE 10 PCTUSED 40 INITRANS 1 MAXTRANS 255 NOCOMPRESS LOGGING
  STORAGE(INITIAL 65536 NEXT 1048576 MINEXTENTS 1 MAXEXTENTS 2147483645
  PCTINCREASE 0 FREELISTS 1 FREELIST GROUPS 1 BUFFER_POOL DEFAULT FLASH_CACHE DEFAULT CELL_FLASH_CACHE DEFAULT)
  TABLESPACE "PRUEBAS" ;
--------------------------------------------------------
--  DDL for Table ASESORIAS
--------------------------------------------------------

  CREATE TABLE "UJPA"."ASESORIAS" 
   (	"IDASESORIA" NUMBER, 
	"DETALLE" VARCHAR2(500 BYTE), 
	"GESTION" VARCHAR2(500 BYTE), 
	"PROPUESTAS" VARCHAR2(500 BYTE), 
	"FECHA" VARCHAR2(10 BYTE), 
	"ESPECIAL" VARCHAR2(5 BYTE), 
	"VISITAS_IDVISITA" NUMBER
   ) SEGMENT CREATION IMMEDIATE 
  PCTFREE 10 PCTUSED 40 INITRANS 1 MAXTRANS 255 NOCOMPRESS LOGGING
  STORAGE(INITIAL 65536 NEXT 1048576 MINEXTENTS 1 MAXEXTENTS 2147483645
  PCTINCREASE 0 FREELISTS 1 FREELIST GROUPS 1 BUFFER_POOL DEFAULT FLASH_CACHE DEFAULT CELL_FLASH_CACHE DEFAULT)
  TABLESPACE "PRUEBAS" ;
--------------------------------------------------------
--  DDL for Table CAPACITACIONES
--------------------------------------------------------

  CREATE TABLE "UJPA"."CAPACITACIONES" 
   (	"IDCAPACITACION" NUMBER, 
	"FECHA" VARCHAR2(10 BYTE), 
	"HORA" VARCHAR2(10 BYTE), 
	"NUMASISTENTES" NUMBER, 
	"VISITAS_IDVISITA" NUMBER
   ) SEGMENT CREATION IMMEDIATE 
  PCTFREE 10 PCTUSED 40 INITRANS 1 MAXTRANS 255 NOCOMPRESS LOGGING
  STORAGE(INITIAL 65536 NEXT 1048576 MINEXTENTS 1 MAXEXTENTS 2147483645
  PCTINCREASE 0 FREELISTS 1 FREELIST GROUPS 1 BUFFER_POOL DEFAULT FLASH_CACHE DEFAULT CELL_FLASH_CACHE DEFAULT)
  TABLESPACE "PRUEBAS" ;
--------------------------------------------------------
--  DDL for Table CHEQUEO
--------------------------------------------------------

  CREATE TABLE "UJPA"."CHEQUEO" 
   (	"IDCHEQUEO" NUMBER, 
	"DETALLE" VARCHAR2(150 BYTE), 
	"ESTADO" VARCHAR2(15 BYTE), 
	"VISITAS_IDVISITA" NUMBER
   ) SEGMENT CREATION IMMEDIATE 
  PCTFREE 10 PCTUSED 40 INITRANS 1 MAXTRANS 255 NOCOMPRESS LOGGING
  STORAGE(INITIAL 65536 NEXT 1048576 MINEXTENTS 1 MAXEXTENTS 2147483645
  PCTINCREASE 0 FREELISTS 1 FREELIST GROUPS 1 BUFFER_POOL DEFAULT FLASH_CACHE DEFAULT CELL_FLASH_CACHE DEFAULT)
  TABLESPACE "PRUEBAS" ;
--------------------------------------------------------
--  DDL for Table CLIENTE
--------------------------------------------------------

  CREATE TABLE "UJPA"."CLIENTE" 
   (	"ID" NUMBER, 
	"NOMBRE" VARCHAR2(50 BYTE), 
	"TELEFONO" NUMBER, 
	"CORREOELECTRONICO" VARCHAR2(50 BYTE), 
	"RUBRO" VARCHAR2(30 BYTE), 
	"DIRECCION" VARCHAR2(100 BYTE)
   ) SEGMENT CREATION IMMEDIATE 
  PCTFREE 10 PCTUSED 40 INITRANS 1 MAXTRANS 255 NOCOMPRESS LOGGING
  STORAGE(INITIAL 65536 NEXT 1048576 MINEXTENTS 1 MAXEXTENTS 2147483645
  PCTINCREASE 0 FREELISTS 1 FREELIST GROUPS 1 BUFFER_POOL DEFAULT FLASH_CACHE DEFAULT CELL_FLASH_CACHE DEFAULT)
  TABLESPACE "PRUEBAS" ;
--------------------------------------------------------
--  DDL for Table EMPLEADO
--------------------------------------------------------

  CREATE TABLE "UJPA"."EMPLEADO" 
   (	"IDEMPLEADO" NUMBER, 
	"NOMBRE" VARCHAR2(100 BYTE), 
	"ESPECIALIDAD" VARCHAR2(50 BYTE)
   ) SEGMENT CREATION IMMEDIATE 
  PCTFREE 10 PCTUSED 40 INITRANS 1 MAXTRANS 255 NOCOMPRESS LOGGING
  STORAGE(INITIAL 65536 NEXT 1048576 MINEXTENTS 1 MAXEXTENTS 2147483645
  PCTINCREASE 0 FREELISTS 1 FREELIST GROUPS 1 BUFFER_POOL DEFAULT FLASH_CACHE DEFAULT CELL_FLASH_CACHE DEFAULT)
  TABLESPACE "PRUEBAS" ;
--------------------------------------------------------
--  DDL for Table MEJORAS
--------------------------------------------------------

  CREATE TABLE "UJPA"."MEJORAS" 
   (	"IDMEJORA" NUMBER, 
	"FECHA" VARCHAR2(10 BYTE), 
	"MOTIVO" VARCHAR2(500 BYTE), 
	"ACTIVIDADES" VARCHAR2(500 BYTE), 
	"ESTADO" VARCHAR2(5 BYTE), 
	"CLIENTE_ID" NUMBER
   ) SEGMENT CREATION IMMEDIATE 
  PCTFREE 10 PCTUSED 40 INITRANS 1 MAXTRANS 255 NOCOMPRESS LOGGING
  STORAGE(INITIAL 65536 NEXT 1048576 MINEXTENTS 1 MAXEXTENTS 2147483645
  PCTINCREASE 0 FREELISTS 1 FREELIST GROUPS 1 BUFFER_POOL DEFAULT FLASH_CACHE DEFAULT CELL_FLASH_CACHE DEFAULT)
  TABLESPACE "PRUEBAS" ;
--------------------------------------------------------
--  DDL for Table PAGOS
--------------------------------------------------------

  CREATE TABLE "UJPA"."PAGOS" 
   (	"IDPAGO" NUMBER, 
	"MESANIO" VARCHAR2(7 BYTE), 
	"MONTOREGULAR" NUMBER, 
	"MONTOADICIONALES" NUMBER, 
	"CLIENTE_ID" NUMBER
   ) SEGMENT CREATION IMMEDIATE 
  PCTFREE 10 PCTUSED 40 INITRANS 1 MAXTRANS 255 NOCOMPRESS LOGGING
  STORAGE(INITIAL 65536 NEXT 1048576 MINEXTENTS 1 MAXEXTENTS 2147483645
  PCTINCREASE 0 FREELISTS 1 FREELIST GROUPS 1 BUFFER_POOL DEFAULT FLASH_CACHE DEFAULT CELL_FLASH_CACHE DEFAULT)
  TABLESPACE "PRUEBAS" ;
--------------------------------------------------------
--  DDL for Table ROLES_USUARIOS
--------------------------------------------------------

  CREATE TABLE "UJPA"."ROLES_USUARIOS" 
   (	"ROLE_ID" VARCHAR2(50 BYTE), 
	"USERNAME" VARCHAR2(36 BYTE), 
	"ROLE_USER" VARCHAR2(30 BYTE)
   ) SEGMENT CREATION IMMEDIATE 
  PCTFREE 10 PCTUSED 40 INITRANS 1 MAXTRANS 255 NOCOMPRESS LOGGING
  STORAGE(INITIAL 65536 NEXT 1048576 MINEXTENTS 1 MAXEXTENTS 2147483645
  PCTINCREASE 0 FREELISTS 1 FREELIST GROUPS 1 BUFFER_POOL DEFAULT FLASH_CACHE DEFAULT CELL_FLASH_CACHE DEFAULT)
  TABLESPACE "PRUEBAS" ;
--------------------------------------------------------
--  DDL for Table USUARIOS
--------------------------------------------------------

  CREATE TABLE "UJPA"."USUARIOS" 
   (	"USERNAME" VARCHAR2(60 BYTE), 
	"PASSWORD" VARCHAR2(60 BYTE), 
	"ENABLE" NUMBER(3,0)
   ) SEGMENT CREATION IMMEDIATE 
  PCTFREE 10 PCTUSED 40 INITRANS 1 MAXTRANS 255 NOCOMPRESS LOGGING
  STORAGE(INITIAL 65536 NEXT 1048576 MINEXTENTS 1 MAXEXTENTS 2147483645
  PCTINCREASE 0 FREELISTS 1 FREELIST GROUPS 1 BUFFER_POOL DEFAULT FLASH_CACHE DEFAULT CELL_FLASH_CACHE DEFAULT)
  TABLESPACE "PRUEBAS" ;
--------------------------------------------------------
--  DDL for Table VISITAS
--------------------------------------------------------

  CREATE TABLE "UJPA"."VISITAS" 
   (	"IDVISITA" NUMBER, 
	"DIRECCION" VARCHAR2(100 BYTE), 
	"CIUDAD" VARCHAR2(50 BYTE), 
	"FECHA" VARCHAR2(10 BYTE), 
	"RESUMEN" VARCHAR2(500 BYTE), 
	"OBSERVACIONES" VARCHAR2(500 BYTE), 
	"CLIENTE_ID" NUMBER, 
	"EMPLEADO_IDEMPLEADO" NUMBER
   ) SEGMENT CREATION IMMEDIATE 
  PCTFREE 10 PCTUSED 40 INITRANS 1 MAXTRANS 255 NOCOMPRESS LOGGING
  STORAGE(INITIAL 65536 NEXT 1048576 MINEXTENTS 1 MAXEXTENTS 2147483645
  PCTINCREASE 0 FREELISTS 1 FREELIST GROUPS 1 BUFFER_POOL DEFAULT FLASH_CACHE DEFAULT CELL_FLASH_CACHE DEFAULT)
  TABLESPACE "PRUEBAS" ;
REM INSERTING into UJPA.ACCIDENTES
SET DEFINE OFF;
Insert into UJPA.ACCIDENTES (IDACCIDENTE,FECHA,HORA,SUCESO,LUGAR,CLIENTE_ID) values ('1','03-03-2002','23:00','Caida ','Faena ','1');
Insert into UJPA.ACCIDENTES (IDACCIDENTE,FECHA,HORA,SUCESO,LUGAR,CLIENTE_ID) values ('2','07-09-2017','9:00','Choque Automovilistico ','Estacionamiento','2');
Insert into UJPA.ACCIDENTES (IDACCIDENTE,FECHA,HORA,SUCESO,LUGAR,CLIENTE_ID) values ('3','03-04-2020','20:00','Caida Internet','Viña del mar ','3');
Insert into UJPA.ACCIDENTES (IDACCIDENTE,FECHA,HORA,SUCESO,LUGAR,CLIENTE_ID) values ('4','03-04-2020','17:00','Choque','Los Andes','4');
REM INSERTING into UJPA.ASESORIAS
SET DEFINE OFF;
Insert into UJPA.ASESORIAS (IDASESORIA,DETALLE,GESTION,PROPUESTAS,FECHA,ESPECIAL,VISITAS_IDVISITA) values ('1','Documentación legal accidente ','Gestion de Accidente','Realizar Archivos de Documentacion en caso de Emergencia ','08-03-2007','no','1');
Insert into UJPA.ASESORIAS (IDASESORIA,DETALLE,GESTION,PROPUESTAS,FECHA,ESPECIAL,VISITAS_IDVISITA) values ('2','Prevencion de Riesgos Laborales ','Gestion de Riesgos en Faena ','Realizar capacitacion a los empleado sobre utilización de elementos de seguridad','09-09-2010','si','2');
REM INSERTING into UJPA.CAPACITACIONES
SET DEFINE OFF;
Insert into UJPA.CAPACITACIONES (IDCAPACITACION,FECHA,HORA,NUMASISTENTES,VISITAS_IDVISITA) values ('1','05-18-2020','13:30','150','1');
Insert into UJPA.CAPACITACIONES (IDCAPACITACION,FECHA,HORA,NUMASISTENTES,VISITAS_IDVISITA) values ('2','10-06-2019','17:30','100','2');
Insert into UJPA.CAPACITACIONES (IDCAPACITACION,FECHA,HORA,NUMASISTENTES,VISITAS_IDVISITA) values ('3','04-13-2020','22:00','4','3');
Insert into UJPA.CAPACITACIONES (IDCAPACITACION,FECHA,HORA,NUMASISTENTES,VISITAS_IDVISITA) values ('5','2020-08-06','03:56','10','2');
Insert into UJPA.CAPACITACIONES (IDCAPACITACION,FECHA,HORA,NUMASISTENTES,VISITAS_IDVISITA) values ('6','2020-08-07','04:05','50','4');
Insert into UJPA.CAPACITACIONES (IDCAPACITACION,FECHA,HORA,NUMASISTENTES,VISITAS_IDVISITA) values ('7','2020-08-12','23:01','43','3');
Insert into UJPA.CAPACITACIONES (IDCAPACITACION,FECHA,HORA,NUMASISTENTES,VISITAS_IDVISITA) values ('4','28-07-2020','22:16','100','1');
REM INSERTING into UJPA.CHEQUEO
SET DEFINE OFF;
Insert into UJPA.CHEQUEO (IDCHEQUEO,DETALLE,ESTADO,VISITAS_IDVISITA) values ('1','Chequeo ok editado','si editado','1');
Insert into UJPA.CHEQUEO (IDCHEQUEO,DETALLE,ESTADO,VISITAS_IDVISITA) values ('2','Chequeo ok','no','2');
Insert into UJPA.CHEQUEO (IDCHEQUEO,DETALLE,ESTADO,VISITAS_IDVISITA) values ('3','Chequeo ok editado','si editado','1');
Insert into UJPA.CHEQUEO (IDCHEQUEO,DETALLE,ESTADO,VISITAS_IDVISITA) values ('4','Chequeo ok editado','si editado','1');
Insert into UJPA.CHEQUEO (IDCHEQUEO,DETALLE,ESTADO,VISITAS_IDVISITA) values ('5','Chequeo ok editado','si editado','1');
Insert into UJPA.CHEQUEO (IDCHEQUEO,DETALLE,ESTADO,VISITAS_IDVISITA) values ('6','Chequeo ok editado','si editado','1');
REM INSERTING into UJPA.CLIENTE
SET DEFINE OFF;
Insert into UJPA.CLIENTE (ID,NOMBRE,TELEFONO,CORREOELECTRONICO,RUBRO,DIRECCION) values ('18','Jaime Bustos','99555520','jaime@gmail.com','Constructor','Sin numero');
Insert into UJPA.CLIENTE (ID,NOMBRE,TELEFONO,CORREOELECTRONICO,RUBRO,DIRECCION) values ('20','Mario Neta','96641320','m.neta@mario.com','Chef','Calle perdida 63');
Insert into UJPA.CLIENTE (ID,NOMBRE,TELEFONO,CORREOELECTRONICO,RUBRO,DIRECCION) values ('19','Miguelo','99631321','miguelolo@gmail.com','Comerciante','Sin Salida 23');
Insert into UJPA.CLIENTE (ID,NOMBRE,TELEFONO,CORREOELECTRONICO,RUBRO,DIRECCION) values ('1','Javier Gonzalez','954765560','javier@123.cl','con','tucasa 123, tupobla');
Insert into UJPA.CLIENTE (ID,NOMBRE,TELEFONO,CORREOELECTRONICO,RUBRO,DIRECCION) values ('2','Marcela Carrillo','932311654','marcela@124.cl','mineria','calle 123. poblacion');
Insert into UJPA.CLIENTE (ID,NOMBRE,TELEFONO,CORREOELECTRONICO,RUBRO,DIRECCION) values ('3','Sebastian Nevel','945452112','seba@123.cl','transporte','tusca 123. laville');
Insert into UJPA.CLIENTE (ID,NOMBRE,TELEFONO,CORREOELECTRONICO,RUBRO,DIRECCION) values ('4','Daniel Carmona','43527390','Daniel@123.cl','logistica','micasa 123. Paris');
Insert into UJPA.CLIENTE (ID,NOMBRE,TELEFONO,CORREOELECTRONICO,RUBRO,DIRECCION) values ('5','Luis Rojas','67854982','Luis@123.cl','mineria','tucasa 123. Egipto');
Insert into UJPA.CLIENTE (ID,NOMBRE,TELEFONO,CORREOELECTRONICO,RUBRO,DIRECCION) values ('6','Jose Antonio Ubeda','56783456','Jose@123.cl','transporte','calle luna 123. Viña ');
Insert into UJPA.CLIENTE (ID,NOMBRE,TELEFONO,CORREOELECTRONICO,RUBRO,DIRECCION) values ('7','Filomena Pavon','99879876','Filome@123.cl','logistica','calle del agua 123. Los Andes');
Insert into UJPA.CLIENTE (ID,NOMBRE,TELEFONO,CORREOELECTRONICO,RUBRO,DIRECCION) values ('8','Elsa Pallo Ediondo','98767654','vale@123.cl','construccion','calle neptuno 123. villarica');
Insert into UJPA.CLIENTE (ID,NOMBRE,TELEFONO,CORREOELECTRONICO,RUBRO,DIRECCION) values ('9','Souad Pascual','12347694','Sou@123.cl','psicologia','jupiter 123. martes');
Insert into UJPA.CLIENTE (ID,NOMBRE,TELEFONO,CORREOELECTRONICO,RUBRO,DIRECCION) values ('10','Paz Montenegro','56345928','Paz@123.cl','recursos humanos','pluton 123. luna');
Insert into UJPA.CLIENTE (ID,NOMBRE,TELEFONO,CORREOELECTRONICO,RUBRO,DIRECCION) values ('22','Alan Brito','995653232','alanb@gmail.com','Pintor','San Juan 99, Viña del Mar');
Insert into UJPA.CLIENTE (ID,NOMBRE,TELEFONO,CORREOELECTRONICO,RUBRO,DIRECCION) values ('17','Holanda Quetalca','995556332','holanda@quetalca.com','Probador de agua','El cielo');
Insert into UJPA.CLIENTE (ID,NOMBRE,TELEFONO,CORREOELECTRONICO,RUBRO,DIRECCION) values ('29','Carlos','999999999','sacate@uno.com','Fumador','por ahi no mas');
Insert into UJPA.CLIENTE (ID,NOMBRE,TELEFONO,CORREOELECTRONICO,RUBRO,DIRECCION) values ('30','Andres Armando Gorros','123456789','suchela@corona.cl','Bebedor','Limache');
Insert into UJPA.CLIENTE (ID,NOMBRE,TELEFONO,CORREOELECTRONICO,RUBRO,DIRECCION) values ('31','Carlos','999999999','s@j.com','Wad','Que');
Insert into UJPA.CLIENTE (ID,NOMBRE,TELEFONO,CORREOELECTRONICO,RUBRO,DIRECCION) values ('26','Alan Brito Delgado','995653232','alanb@gmail.com','Pintor','San Juan 99, Viña del Mar');
Insert into UJPA.CLIENTE (ID,NOMBRE,TELEFONO,CORREOELECTRONICO,RUBRO,DIRECCION) values ('28','javier marcelo cubillos lagunas','65498754','javier@marcelo.cl','politico','su casa');
REM INSERTING into UJPA.EMPLEADO
SET DEFINE OFF;
Insert into UJPA.EMPLEADO (IDEMPLEADO,NOMBRE,ESPECIALIDAD) values ('1','Juan ','ewf');
Insert into UJPA.EMPLEADO (IDEMPLEADO,NOMBRE,ESPECIALIDAD) values ('2','Pedro','Gerente de Capacitaciones');
Insert into UJPA.EMPLEADO (IDEMPLEADO,NOMBRE,ESPECIALIDAD) values ('3','Diego','Visitador');
Insert into UJPA.EMPLEADO (IDEMPLEADO,NOMBRE,ESPECIALIDAD) values ('4','Lester','Asesor Accidentes');
Insert into UJPA.EMPLEADO (IDEMPLEADO,NOMBRE,ESPECIALIDAD) values ('5','Daniel','Asesor Capacitaciones');
Insert into UJPA.EMPLEADO (IDEMPLEADO,NOMBRE,ESPECIALIDAD) values ('6','Sofia','Asesor Telefonico');
Insert into UJPA.EMPLEADO (IDEMPLEADO,NOMBRE,ESPECIALIDAD) values ('7','Bernarda','Asesor en control de Riesgos');
Insert into UJPA.EMPLEADO (IDEMPLEADO,NOMBRE,ESPECIALIDAD) values ('8','Camila','Asesor de RR.HH');
Insert into UJPA.EMPLEADO (IDEMPLEADO,NOMBRE,ESPECIALIDAD) values ('9','Antonia','Gerente Asesorias');
Insert into UJPA.EMPLEADO (IDEMPLEADO,NOMBRE,ESPECIALIDAD) values ('10','Matias','Gerente de Asesoria en Accidentes ');
REM INSERTING into UJPA.MEJORAS
SET DEFINE OFF;
Insert into UJPA.MEJORAS (IDMEJORA,FECHA,MOTIVO,ACTIVIDADES,ESTADO,CLIENTE_ID) values ('1','12-05-2020','accidente ruta camiones','reforzar señalización, andry ','yes','1');
Insert into UJPA.MEJORAS (IDMEJORA,FECHA,MOTIVO,ACTIVIDADES,ESTADO,CLIENTE_ID) values ('2','25-03-2020','caida de andamio','reforzar anclajes','no','2');
Insert into UJPA.MEJORAS (IDMEJORA,FECHA,MOTIVO,ACTIVIDADES,ESTADO,CLIENTE_ID) values ('3','22-05-2018','plagas','controlar plagas','no','3');
Insert into UJPA.MEJORAS (IDMEJORA,FECHA,MOTIVO,ACTIVIDADES,ESTADO,CLIENTE_ID) values ('4','23-06-2015','riesgos ','reforzar prevencion','no','4');
Insert into UJPA.MEJORAS (IDMEJORA,FECHA,MOTIVO,ACTIVIDADES,ESTADO,CLIENTE_ID) values ('5','12-07-2020','choque ','arreglar caminones','no','5');
Insert into UJPA.MEJORAS (IDMEJORA,FECHA,MOTIVO,ACTIVIDADES,ESTADO,CLIENTE_ID) values ('6','17-02-2001','capacitar en riesgos','capacitacion','yes','6');
Insert into UJPA.MEJORAS (IDMEJORA,FECHA,MOTIVO,ACTIVIDADES,ESTADO,CLIENTE_ID) values ('7','13-05-2017','perdida materiales','camaras','yes','7');
Insert into UJPA.MEJORAS (IDMEJORA,FECHA,MOTIVO,ACTIVIDADES,ESTADO,CLIENTE_ID) values ('8','12-04-2007','pelea empleados','gestion rrhh','no','8');
Insert into UJPA.MEJORAS (IDMEJORA,FECHA,MOTIVO,ACTIVIDADES,ESTADO,CLIENTE_ID) values ('9','15-09-2012','multa','legalizar docuemntos','no','9');
Insert into UJPA.MEJORAS (IDMEJORA,FECHA,MOTIVO,ACTIVIDADES,ESTADO,CLIENTE_ID) values ('10','12-11-2012','multa','buscar facturas','yes','10');
REM INSERTING into UJPA.PAGOS
SET DEFINE OFF;
Insert into UJPA.PAGOS (IDPAGO,MESANIO,MONTOREGULAR,MONTOADICIONALES,CLIENTE_ID) values ('1','2020-01','50000','6','1');
Insert into UJPA.PAGOS (IDPAGO,MESANIO,MONTOREGULAR,MONTOADICIONALES,CLIENTE_ID) values ('2','2019-01','55000','0','2');
Insert into UJPA.PAGOS (IDPAGO,MESANIO,MONTOREGULAR,MONTOADICIONALES,CLIENTE_ID) values ('3','2020-02','65000','10000','3');
Insert into UJPA.PAGOS (IDPAGO,MESANIO,MONTOREGULAR,MONTOADICIONALES,CLIENTE_ID) values ('4','2020-05','35000','0','4');
Insert into UJPA.PAGOS (IDPAGO,MESANIO,MONTOREGULAR,MONTOADICIONALES,CLIENTE_ID) values ('5','2019-07','45000','0','5');
Insert into UJPA.PAGOS (IDPAGO,MESANIO,MONTOREGULAR,MONTOADICIONALES,CLIENTE_ID) values ('6','2019-12','60000','5000','6');
Insert into UJPA.PAGOS (IDPAGO,MESANIO,MONTOREGULAR,MONTOADICIONALES,CLIENTE_ID) values ('7','2020-02','45000','5000','7');
Insert into UJPA.PAGOS (IDPAGO,MESANIO,MONTOREGULAR,MONTOADICIONALES,CLIENTE_ID) values ('8','2019-11','35000','0','8');
Insert into UJPA.PAGOS (IDPAGO,MESANIO,MONTOREGULAR,MONTOADICIONALES,CLIENTE_ID) values ('9','2020-03','45000','0','9');
Insert into UJPA.PAGOS (IDPAGO,MESANIO,MONTOREGULAR,MONTOADICIONALES,CLIENTE_ID) values ('10','2020-05','55000','0','10');
Insert into UJPA.PAGOS (IDPAGO,MESANIO,MONTOREGULAR,MONTOADICIONALES,CLIENTE_ID) values ('11','2020-07','18000','25000','2');
Insert into UJPA.PAGOS (IDPAGO,MESANIO,MONTOREGULAR,MONTOADICIONALES,CLIENTE_ID) values ('12','2019-10','3332','150','1');
Insert into UJPA.PAGOS (IDPAGO,MESANIO,MONTOREGULAR,MONTOADICIONALES,CLIENTE_ID) values ('15','2019-11','45000','650','9');
Insert into UJPA.PAGOS (IDPAGO,MESANIO,MONTOREGULAR,MONTOADICIONALES,CLIENTE_ID) values ('14','2020-01','30000','1500','8');
Insert into UJPA.PAGOS (IDPAGO,MESANIO,MONTOREGULAR,MONTOADICIONALES,CLIENTE_ID) values ('13','2020-02','55000','23000','5');
Insert into UJPA.PAGOS (IDPAGO,MESANIO,MONTOREGULAR,MONTOADICIONALES,CLIENTE_ID) values ('16','2020-06','15000','100','8');
REM INSERTING into UJPA.ROLES_USUARIOS
SET DEFINE OFF;
Insert into UJPA.ROLES_USUARIOS (ROLE_ID,USERNAME,ROLE_USER) values ('1','admin','ROLE_ADMIN');
Insert into UJPA.ROLES_USUARIOS (ROLE_ID,USERNAME,ROLE_USER) values ('2','user','ROLE_USER');
Insert into UJPA.ROLES_USUARIOS (ROLE_ID,USERNAME,ROLE_USER) values ('3','empleado1','ROLE_EMPLEADO');
Insert into UJPA.ROLES_USUARIOS (ROLE_ID,USERNAME,ROLE_USER) values ('4','cliente1','ROLE_CLIENTE');
REM INSERTING into UJPA.USUARIOS
SET DEFINE OFF;
Insert into UJPA.USUARIOS (USERNAME,PASSWORD,ENABLE) values ('admin','$2a$10$6cEUHI2t0N2QAPghbqd8ouMB69cScFKiINQwN8mVaQJ4oYZMk1dzK','1');
Insert into UJPA.USUARIOS (USERNAME,PASSWORD,ENABLE) values ('user','$2a$10$Ms9a1Qrr6nb6qLukI7gcMOKMlx1IYmwi32zRZ.dfI7QWr5MvF4j4W','1');
Insert into UJPA.USUARIOS (USERNAME,PASSWORD,ENABLE) values ('cliente1','$2a$10$kiZwn5pXoSYfGxLwY01zJe6LsRt1Yr6LOxm8JJ.45bg16IQCrNrBC','1');
Insert into UJPA.USUARIOS (USERNAME,PASSWORD,ENABLE) values ('empleado1','$2a$10$OtX2z39dBgxM1SJZYk/4N.ztrMfwhgCZX2fRWiHhbXfWHdQSCC4HG','1');
REM INSERTING into UJPA.VISITAS
SET DEFINE OFF;
Insert into UJPA.VISITAS (IDVISITA,DIRECCION,CIUDAD,FECHA,RESUMEN,OBSERVACIONES,CLIENTE_ID,EMPLEADO_IDEMPLEADO) values ('1','Calle sin numero','Quebrada del Aji','22-11-2020','Estaremos en contacto','ninguna','1','1');
Insert into UJPA.VISITAS (IDVISITA,DIRECCION,CIUDAD,FECHA,RESUMEN,OBSERVACIONES,CLIENTE_ID,EMPLEADO_IDEMPLEADO) values ('2','Pasaje perdido','San pedro','10-05-2020','Continuamos mas tarde','postergado','2','2');
Insert into UJPA.VISITAS (IDVISITA,DIRECCION,CIUDAD,FECHA,RESUMEN,OBSERVACIONES,CLIENTE_ID,EMPLEADO_IDEMPLEADO) values ('3','Perdido 12','Los Andes','12-04-2013','Falta gestion de Riesgo ','capacitar empleados','3','3');
Insert into UJPA.VISITAS (IDVISITA,DIRECCION,CIUDAD,FECHA,RESUMEN,OBSERVACIONES,CLIENTE_ID,EMPLEADO_IDEMPLEADO) values ('4','Encontrado 23','San Felipe','13-04-2019','control de accidentes','controlar indumentaria','4','4');
Insert into UJPA.VISITAS (IDVISITA,DIRECCION,CIUDAD,FECHA,RESUMEN,OBSERVACIONES,CLIENTE_ID,EMPLEADO_IDEMPLEADO) values ('5','Calle 75','Quillota','15-08-2015','control de plagas','buscar como sacar las ratas','5','5');
Insert into UJPA.VISITAS (IDVISITA,DIRECCION,CIUDAD,FECHA,RESUMEN,OBSERVACIONES,CLIENTE_ID,EMPLEADO_IDEMPLEADO) values ('6','Calle 67','Calera','12-04-2014','certificar personal ','buscar empresa de certificacion','6','6');
Insert into UJPA.VISITAS (IDVISITA,DIRECCION,CIUDAD,FECHA,RESUMEN,OBSERVACIONES,CLIENTE_ID,EMPLEADO_IDEMPLEADO) values ('7','Calle 45','Viña del mar ','21-01-2000','capacitar personal de rrhh','educapersonal.com','7','7');
Insert into UJPA.VISITAS (IDVISITA,DIRECCION,CIUDAD,FECHA,RESUMEN,OBSERVACIONES,CLIENTE_ID,EMPLEADO_IDEMPLEADO) values ('8','Calle 89','Concon ','23-04-2018','Ejecutar control de calidad','realizar control con encargado','8','8');
Insert into UJPA.VISITAS (IDVISITA,DIRECCION,CIUDAD,FECHA,RESUMEN,OBSERVACIONES,CLIENTE_ID,EMPLEADO_IDEMPLEADO) values ('9','Calle 45','Viña del mar ','27-09-2015','PruebaEdit ','camaras','9','9');
Insert into UJPA.VISITAS (IDVISITA,DIRECCION,CIUDAD,FECHA,RESUMEN,OBSERVACIONES,CLIENTE_ID,EMPLEADO_IDEMPLEADO) values ('10','El Dorado','Valparaiso','2020-08-22','dasdasdasd','asdasdasd','4','3');
--------------------------------------------------------
--  DDL for Index ACCIDENTES_PK
--------------------------------------------------------

  CREATE UNIQUE INDEX "UJPA"."ACCIDENTES_PK" ON "UJPA"."ACCIDENTES" ("IDACCIDENTE") 
  PCTFREE 10 INITRANS 2 MAXTRANS 255 COMPUTE STATISTICS 
  STORAGE(INITIAL 65536 NEXT 1048576 MINEXTENTS 1 MAXEXTENTS 2147483645
  PCTINCREASE 0 FREELISTS 1 FREELIST GROUPS 1 BUFFER_POOL DEFAULT FLASH_CACHE DEFAULT CELL_FLASH_CACHE DEFAULT)
  TABLESPACE "PRUEBAS" ;
--------------------------------------------------------
--  DDL for Index ASESORIAS_PK
--------------------------------------------------------

  CREATE UNIQUE INDEX "UJPA"."ASESORIAS_PK" ON "UJPA"."ASESORIAS" ("IDASESORIA") 
  PCTFREE 10 INITRANS 2 MAXTRANS 255 COMPUTE STATISTICS 
  STORAGE(INITIAL 65536 NEXT 1048576 MINEXTENTS 1 MAXEXTENTS 2147483645
  PCTINCREASE 0 FREELISTS 1 FREELIST GROUPS 1 BUFFER_POOL DEFAULT FLASH_CACHE DEFAULT CELL_FLASH_CACHE DEFAULT)
  TABLESPACE "PRUEBAS" ;
--------------------------------------------------------
--  DDL for Index CAPACITACIONES_PK
--------------------------------------------------------

  CREATE UNIQUE INDEX "UJPA"."CAPACITACIONES_PK" ON "UJPA"."CAPACITACIONES" ("IDCAPACITACION") 
  PCTFREE 10 INITRANS 2 MAXTRANS 255 COMPUTE STATISTICS 
  STORAGE(INITIAL 65536 NEXT 1048576 MINEXTENTS 1 MAXEXTENTS 2147483645
  PCTINCREASE 0 FREELISTS 1 FREELIST GROUPS 1 BUFFER_POOL DEFAULT FLASH_CACHE DEFAULT CELL_FLASH_CACHE DEFAULT)
  TABLESPACE "PRUEBAS" ;
--------------------------------------------------------
--  DDL for Index CHEQUEO_PK
--------------------------------------------------------

  CREATE UNIQUE INDEX "UJPA"."CHEQUEO_PK" ON "UJPA"."CHEQUEO" ("IDCHEQUEO") 
  PCTFREE 10 INITRANS 2 MAXTRANS 255 COMPUTE STATISTICS 
  STORAGE(INITIAL 65536 NEXT 1048576 MINEXTENTS 1 MAXEXTENTS 2147483645
  PCTINCREASE 0 FREELISTS 1 FREELIST GROUPS 1 BUFFER_POOL DEFAULT FLASH_CACHE DEFAULT CELL_FLASH_CACHE DEFAULT)
  TABLESPACE "PRUEBAS" ;
--------------------------------------------------------
--  DDL for Index CLIENTE_PK
--------------------------------------------------------

  CREATE UNIQUE INDEX "UJPA"."CLIENTE_PK" ON "UJPA"."CLIENTE" ("ID") 
  PCTFREE 10 INITRANS 2 MAXTRANS 255 COMPUTE STATISTICS 
  STORAGE(INITIAL 65536 NEXT 1048576 MINEXTENTS 1 MAXEXTENTS 2147483645
  PCTINCREASE 0 FREELISTS 1 FREELIST GROUPS 1 BUFFER_POOL DEFAULT FLASH_CACHE DEFAULT CELL_FLASH_CACHE DEFAULT)
  TABLESPACE "PRUEBAS" ;
--------------------------------------------------------
--  DDL for Index EMPLEADO_PK
--------------------------------------------------------

  CREATE UNIQUE INDEX "UJPA"."EMPLEADO_PK" ON "UJPA"."EMPLEADO" ("IDEMPLEADO") 
  PCTFREE 10 INITRANS 2 MAXTRANS 255 COMPUTE STATISTICS 
  STORAGE(INITIAL 65536 NEXT 1048576 MINEXTENTS 1 MAXEXTENTS 2147483645
  PCTINCREASE 0 FREELISTS 1 FREELIST GROUPS 1 BUFFER_POOL DEFAULT FLASH_CACHE DEFAULT CELL_FLASH_CACHE DEFAULT)
  TABLESPACE "PRUEBAS" ;
--------------------------------------------------------
--  DDL for Index MEJORAS_PK
--------------------------------------------------------

  CREATE UNIQUE INDEX "UJPA"."MEJORAS_PK" ON "UJPA"."MEJORAS" ("IDMEJORA") 
  PCTFREE 10 INITRANS 2 MAXTRANS 255 COMPUTE STATISTICS 
  STORAGE(INITIAL 65536 NEXT 1048576 MINEXTENTS 1 MAXEXTENTS 2147483645
  PCTINCREASE 0 FREELISTS 1 FREELIST GROUPS 1 BUFFER_POOL DEFAULT FLASH_CACHE DEFAULT CELL_FLASH_CACHE DEFAULT)
  TABLESPACE "PRUEBAS" ;
--------------------------------------------------------
--  DDL for Index PAGOS_PK
--------------------------------------------------------

  CREATE UNIQUE INDEX "UJPA"."PAGOS_PK" ON "UJPA"."PAGOS" ("IDPAGO") 
  PCTFREE 10 INITRANS 2 MAXTRANS 255 COMPUTE STATISTICS 
  STORAGE(INITIAL 65536 NEXT 1048576 MINEXTENTS 1 MAXEXTENTS 2147483645
  PCTINCREASE 0 FREELISTS 1 FREELIST GROUPS 1 BUFFER_POOL DEFAULT FLASH_CACHE DEFAULT CELL_FLASH_CACHE DEFAULT)
  TABLESPACE "PRUEBAS" ;
--------------------------------------------------------
--  DDL for Index ROLES_USUARIOS_PK
--------------------------------------------------------

  CREATE UNIQUE INDEX "UJPA"."ROLES_USUARIOS_PK" ON "UJPA"."ROLES_USUARIOS" ("ROLE_ID") 
  PCTFREE 10 INITRANS 2 MAXTRANS 255 COMPUTE STATISTICS 
  STORAGE(INITIAL 65536 NEXT 1048576 MINEXTENTS 1 MAXEXTENTS 2147483645
  PCTINCREASE 0 FREELISTS 1 FREELIST GROUPS 1 BUFFER_POOL DEFAULT FLASH_CACHE DEFAULT CELL_FLASH_CACHE DEFAULT)
  TABLESPACE "PRUEBAS" ;
--------------------------------------------------------
--  DDL for Index USUARIOS_PK
--------------------------------------------------------

  CREATE UNIQUE INDEX "UJPA"."USUARIOS_PK" ON "UJPA"."USUARIOS" ("USERNAME") 
  PCTFREE 10 INITRANS 2 MAXTRANS 255 COMPUTE STATISTICS 
  STORAGE(INITIAL 65536 NEXT 1048576 MINEXTENTS 1 MAXEXTENTS 2147483645
  PCTINCREASE 0 FREELISTS 1 FREELIST GROUPS 1 BUFFER_POOL DEFAULT FLASH_CACHE DEFAULT CELL_FLASH_CACHE DEFAULT)
  TABLESPACE "PRUEBAS" ;
--------------------------------------------------------
--  DDL for Index VISITAS_PK
--------------------------------------------------------

  CREATE UNIQUE INDEX "UJPA"."VISITAS_PK" ON "UJPA"."VISITAS" ("IDVISITA") 
  PCTFREE 10 INITRANS 2 MAXTRANS 255 COMPUTE STATISTICS 
  STORAGE(INITIAL 65536 NEXT 1048576 MINEXTENTS 1 MAXEXTENTS 2147483645
  PCTINCREASE 0 FREELISTS 1 FREELIST GROUPS 1 BUFFER_POOL DEFAULT FLASH_CACHE DEFAULT CELL_FLASH_CACHE DEFAULT)
  TABLESPACE "PRUEBAS" ;
--------------------------------------------------------
--  DDL for Trigger ACCIDENTES_TRG
--------------------------------------------------------

  CREATE OR REPLACE TRIGGER "UJPA"."ACCIDENTES_TRG" 
BEFORE INSERT ON ACCIDENTES 
FOR EACH ROW 
BEGIN
  <<COLUMN_SEQUENCES>>
  BEGIN
    IF INSERTING AND :NEW.IDACCIDENTE IS NULL THEN
      SELECT ACCIDENTES_SEQ.NEXTVAL INTO :NEW.IDACCIDENTE FROM SYS.DUAL;
    END IF;
  END COLUMN_SEQUENCES;
END;
/
ALTER TRIGGER "UJPA"."ACCIDENTES_TRG" ENABLE;
--------------------------------------------------------
--  DDL for Trigger ASESORIAS_TRG
--------------------------------------------------------

  CREATE OR REPLACE TRIGGER "UJPA"."ASESORIAS_TRG" 
BEFORE INSERT ON ASESORIAS 
FOR EACH ROW 
BEGIN
  <<COLUMN_SEQUENCES>>
  BEGIN
    IF INSERTING AND :NEW.IDASESORIA IS NULL THEN
      SELECT ASESORIAS_SEQ.NEXTVAL INTO :NEW.IDASESORIA FROM SYS.DUAL;
    END IF;
  END COLUMN_SEQUENCES;
END;
/
ALTER TRIGGER "UJPA"."ASESORIAS_TRG" ENABLE;
--------------------------------------------------------
--  DDL for Trigger CAPACITACIONES_TRG
--------------------------------------------------------

  CREATE OR REPLACE TRIGGER "UJPA"."CAPACITACIONES_TRG" 
BEFORE INSERT ON CAPACITACIONES 
FOR EACH ROW 
BEGIN
  <<COLUMN_SEQUENCES>>
  BEGIN
    IF INSERTING AND :NEW.IDCAPACITACION IS NULL THEN
      SELECT CAPACITACIONES_SEQ.NEXTVAL INTO :NEW.IDCAPACITACION FROM SYS.DUAL;
    END IF;
  END COLUMN_SEQUENCES;
END;
/
ALTER TRIGGER "UJPA"."CAPACITACIONES_TRG" ENABLE;
--------------------------------------------------------
--  DDL for Trigger CHEQUEO_TRG
--------------------------------------------------------

  CREATE OR REPLACE TRIGGER "UJPA"."CHEQUEO_TRG" 
BEFORE INSERT ON CHEQUEO 
FOR EACH ROW 
BEGIN
  <<COLUMN_SEQUENCES>>
  BEGIN
    IF INSERTING AND :NEW.IDCHEQUEO IS NULL THEN
      SELECT CHEQUEO_SEQ.NEXTVAL INTO :NEW.IDCHEQUEO FROM SYS.DUAL;
    END IF;
  END COLUMN_SEQUENCES;
END;
/
ALTER TRIGGER "UJPA"."CHEQUEO_TRG" ENABLE;
--------------------------------------------------------
--  DDL for Trigger CLIENTE_TRG
--------------------------------------------------------

  CREATE OR REPLACE TRIGGER "UJPA"."CLIENTE_TRG" 
BEFORE INSERT ON CLIENTE 
FOR EACH ROW 
BEGIN
  <<COLUMN_SEQUENCES>>
  BEGIN
    IF INSERTING AND :NEW.ID IS NULL THEN
      SELECT CLIENTE_SEQ.NEXTVAL INTO :NEW.ID FROM SYS.DUAL;
    END IF;
  END COLUMN_SEQUENCES;
END;
/
ALTER TRIGGER "UJPA"."CLIENTE_TRG" ENABLE;
--------------------------------------------------------
--  DDL for Trigger EMPLEADO_TRG
--------------------------------------------------------

  CREATE OR REPLACE TRIGGER "UJPA"."EMPLEADO_TRG" 
BEFORE INSERT ON EMPLEADO 
FOR EACH ROW 
BEGIN
  <<COLUMN_SEQUENCES>>
  BEGIN
    IF INSERTING AND :NEW.IDEMPLEADO IS NULL THEN
      SELECT EMPLEADO_SEQ.NEXTVAL INTO :NEW.IDEMPLEADO FROM SYS.DUAL;
    END IF;
  END COLUMN_SEQUENCES;
END;
/
ALTER TRIGGER "UJPA"."EMPLEADO_TRG" ENABLE;
--------------------------------------------------------
--  DDL for Trigger MEJORAS_TRG
--------------------------------------------------------

  CREATE OR REPLACE TRIGGER "UJPA"."MEJORAS_TRG" 
BEFORE INSERT ON MEJORAS 
FOR EACH ROW 
BEGIN
  <<COLUMN_SEQUENCES>>
  BEGIN
    IF INSERTING AND :NEW.IDMEJORA IS NULL THEN
      SELECT MEJORAS_SEQ.NEXTVAL INTO :NEW.IDMEJORA FROM SYS.DUAL;
    END IF;
  END COLUMN_SEQUENCES;
END;
/
ALTER TRIGGER "UJPA"."MEJORAS_TRG" ENABLE;
--------------------------------------------------------
--  DDL for Trigger PAGOS_TRG
--------------------------------------------------------

  CREATE OR REPLACE TRIGGER "UJPA"."PAGOS_TRG" 
BEFORE INSERT ON PAGOS 
FOR EACH ROW 
BEGIN
  <<COLUMN_SEQUENCES>>
  BEGIN
    IF INSERTING AND :NEW.IDPAGO IS NULL THEN
      SELECT PAGOS_SEQ.NEXTVAL INTO :NEW.IDPAGO FROM SYS.DUAL;
    END IF;
  END COLUMN_SEQUENCES;
END;
/
ALTER TRIGGER "UJPA"."PAGOS_TRG" ENABLE;
--------------------------------------------------------
--  DDL for Trigger ROLES_USUARIOS_TRG
--------------------------------------------------------

  CREATE OR REPLACE TRIGGER "UJPA"."ROLES_USUARIOS_TRG" 
BEFORE INSERT ON ROLES_USUARIOS 
FOR EACH ROW 
BEGIN
  <<COLUMN_SEQUENCES>>
  BEGIN
    NULL;
  END COLUMN_SEQUENCES;
END;
/
ALTER TRIGGER "UJPA"."ROLES_USUARIOS_TRG" ENABLE;
--------------------------------------------------------
--  DDL for Trigger VISITAS_TRG
--------------------------------------------------------

  CREATE OR REPLACE TRIGGER "UJPA"."VISITAS_TRG" 
BEFORE INSERT ON VISITAS 
FOR EACH ROW 
BEGIN
  <<COLUMN_SEQUENCES>>
  BEGIN
    IF INSERTING AND :NEW.IDVISITA IS NULL THEN
      SELECT VISITAS_SEQ.NEXTVAL INTO :NEW.IDVISITA FROM SYS.DUAL;
    END IF;
  END COLUMN_SEQUENCES;
END;
/
ALTER TRIGGER "UJPA"."VISITAS_TRG" ENABLE;
--------------------------------------------------------
--  Constraints for Table ACCIDENTES
--------------------------------------------------------

  ALTER TABLE "UJPA"."ACCIDENTES" ADD CONSTRAINT "ACCIDENTES_PK" PRIMARY KEY ("IDACCIDENTE")
  USING INDEX PCTFREE 10 INITRANS 2 MAXTRANS 255 COMPUTE STATISTICS 
  STORAGE(INITIAL 65536 NEXT 1048576 MINEXTENTS 1 MAXEXTENTS 2147483645
  PCTINCREASE 0 FREELISTS 1 FREELIST GROUPS 1 BUFFER_POOL DEFAULT FLASH_CACHE DEFAULT CELL_FLASH_CACHE DEFAULT)
  TABLESPACE "PRUEBAS"  ENABLE;
  ALTER TABLE "UJPA"."ACCIDENTES" MODIFY ("CLIENTE_ID" NOT NULL ENABLE);
  ALTER TABLE "UJPA"."ACCIDENTES" MODIFY ("LUGAR" NOT NULL ENABLE);
  ALTER TABLE "UJPA"."ACCIDENTES" MODIFY ("SUCESO" NOT NULL ENABLE);
  ALTER TABLE "UJPA"."ACCIDENTES" MODIFY ("HORA" NOT NULL ENABLE);
  ALTER TABLE "UJPA"."ACCIDENTES" MODIFY ("FECHA" NOT NULL ENABLE);
  ALTER TABLE "UJPA"."ACCIDENTES" MODIFY ("IDACCIDENTE" NOT NULL ENABLE);
--------------------------------------------------------
--  Constraints for Table ASESORIAS
--------------------------------------------------------

  ALTER TABLE "UJPA"."ASESORIAS" ADD CONSTRAINT "ASESORIAS_PK" PRIMARY KEY ("IDASESORIA")
  USING INDEX PCTFREE 10 INITRANS 2 MAXTRANS 255 COMPUTE STATISTICS 
  STORAGE(INITIAL 65536 NEXT 1048576 MINEXTENTS 1 MAXEXTENTS 2147483645
  PCTINCREASE 0 FREELISTS 1 FREELIST GROUPS 1 BUFFER_POOL DEFAULT FLASH_CACHE DEFAULT CELL_FLASH_CACHE DEFAULT)
  TABLESPACE "PRUEBAS"  ENABLE;
  ALTER TABLE "UJPA"."ASESORIAS" MODIFY ("VISITAS_IDVISITA" NOT NULL ENABLE);
  ALTER TABLE "UJPA"."ASESORIAS" MODIFY ("GESTION" NOT NULL ENABLE);
  ALTER TABLE "UJPA"."ASESORIAS" MODIFY ("IDASESORIA" NOT NULL ENABLE);
--------------------------------------------------------
--  Constraints for Table CAPACITACIONES
--------------------------------------------------------

  ALTER TABLE "UJPA"."CAPACITACIONES" ADD CONSTRAINT "CAPACITACIONES_PK" PRIMARY KEY ("IDCAPACITACION")
  USING INDEX PCTFREE 10 INITRANS 2 MAXTRANS 255 COMPUTE STATISTICS 
  STORAGE(INITIAL 65536 NEXT 1048576 MINEXTENTS 1 MAXEXTENTS 2147483645
  PCTINCREASE 0 FREELISTS 1 FREELIST GROUPS 1 BUFFER_POOL DEFAULT FLASH_CACHE DEFAULT CELL_FLASH_CACHE DEFAULT)
  TABLESPACE "PRUEBAS"  ENABLE;
  ALTER TABLE "UJPA"."CAPACITACIONES" MODIFY ("VISITAS_IDVISITA" NOT NULL ENABLE);
  ALTER TABLE "UJPA"."CAPACITACIONES" MODIFY ("HORA" NOT NULL ENABLE);
  ALTER TABLE "UJPA"."CAPACITACIONES" MODIFY ("FECHA" NOT NULL ENABLE);
  ALTER TABLE "UJPA"."CAPACITACIONES" MODIFY ("IDCAPACITACION" NOT NULL ENABLE);
--------------------------------------------------------
--  Constraints for Table CHEQUEO
--------------------------------------------------------

  ALTER TABLE "UJPA"."CHEQUEO" ADD CONSTRAINT "CHEQUEO_PK" PRIMARY KEY ("IDCHEQUEO")
  USING INDEX PCTFREE 10 INITRANS 2 MAXTRANS 255 COMPUTE STATISTICS 
  STORAGE(INITIAL 65536 NEXT 1048576 MINEXTENTS 1 MAXEXTENTS 2147483645
  PCTINCREASE 0 FREELISTS 1 FREELIST GROUPS 1 BUFFER_POOL DEFAULT FLASH_CACHE DEFAULT CELL_FLASH_CACHE DEFAULT)
  TABLESPACE "PRUEBAS"  ENABLE;
  ALTER TABLE "UJPA"."CHEQUEO" MODIFY ("VISITAS_IDVISITA" NOT NULL ENABLE);
  ALTER TABLE "UJPA"."CHEQUEO" MODIFY ("ESTADO" NOT NULL ENABLE);
  ALTER TABLE "UJPA"."CHEQUEO" MODIFY ("DETALLE" NOT NULL ENABLE);
  ALTER TABLE "UJPA"."CHEQUEO" MODIFY ("IDCHEQUEO" NOT NULL ENABLE);
--------------------------------------------------------
--  Constraints for Table CLIENTE
--------------------------------------------------------

  ALTER TABLE "UJPA"."CLIENTE" ADD CONSTRAINT "CLIENTE_PK" PRIMARY KEY ("ID")
  USING INDEX PCTFREE 10 INITRANS 2 MAXTRANS 255 COMPUTE STATISTICS 
  STORAGE(INITIAL 65536 NEXT 1048576 MINEXTENTS 1 MAXEXTENTS 2147483645
  PCTINCREASE 0 FREELISTS 1 FREELIST GROUPS 1 BUFFER_POOL DEFAULT FLASH_CACHE DEFAULT CELL_FLASH_CACHE DEFAULT)
  TABLESPACE "PRUEBAS"  ENABLE;
  ALTER TABLE "UJPA"."CLIENTE" MODIFY ("DIRECCION" NOT NULL ENABLE);
  ALTER TABLE "UJPA"."CLIENTE" MODIFY ("NOMBRE" NOT NULL ENABLE);
  ALTER TABLE "UJPA"."CLIENTE" MODIFY ("ID" NOT NULL ENABLE);
--------------------------------------------------------
--  Constraints for Table EMPLEADO
--------------------------------------------------------

  ALTER TABLE "UJPA"."EMPLEADO" ADD CONSTRAINT "EMPLEADO_PK" PRIMARY KEY ("IDEMPLEADO")
  USING INDEX PCTFREE 10 INITRANS 2 MAXTRANS 255 COMPUTE STATISTICS 
  STORAGE(INITIAL 65536 NEXT 1048576 MINEXTENTS 1 MAXEXTENTS 2147483645
  PCTINCREASE 0 FREELISTS 1 FREELIST GROUPS 1 BUFFER_POOL DEFAULT FLASH_CACHE DEFAULT CELL_FLASH_CACHE DEFAULT)
  TABLESPACE "PRUEBAS"  ENABLE;
  ALTER TABLE "UJPA"."EMPLEADO" MODIFY ("NOMBRE" NOT NULL ENABLE);
  ALTER TABLE "UJPA"."EMPLEADO" MODIFY ("IDEMPLEADO" NOT NULL ENABLE);
--------------------------------------------------------
--  Constraints for Table MEJORAS
--------------------------------------------------------

  ALTER TABLE "UJPA"."MEJORAS" ADD CONSTRAINT "MEJORAS_PK" PRIMARY KEY ("IDMEJORA")
  USING INDEX PCTFREE 10 INITRANS 2 MAXTRANS 255 COMPUTE STATISTICS 
  STORAGE(INITIAL 65536 NEXT 1048576 MINEXTENTS 1 MAXEXTENTS 2147483645
  PCTINCREASE 0 FREELISTS 1 FREELIST GROUPS 1 BUFFER_POOL DEFAULT FLASH_CACHE DEFAULT CELL_FLASH_CACHE DEFAULT)
  TABLESPACE "PRUEBAS"  ENABLE;
  ALTER TABLE "UJPA"."MEJORAS" MODIFY ("CLIENTE_ID" NOT NULL ENABLE);
  ALTER TABLE "UJPA"."MEJORAS" MODIFY ("IDMEJORA" NOT NULL ENABLE);
--------------------------------------------------------
--  Constraints for Table PAGOS
--------------------------------------------------------

  ALTER TABLE "UJPA"."PAGOS" ADD CONSTRAINT "PAGOS_PK" PRIMARY KEY ("IDPAGO")
  USING INDEX PCTFREE 10 INITRANS 2 MAXTRANS 255 COMPUTE STATISTICS 
  STORAGE(INITIAL 65536 NEXT 1048576 MINEXTENTS 1 MAXEXTENTS 2147483645
  PCTINCREASE 0 FREELISTS 1 FREELIST GROUPS 1 BUFFER_POOL DEFAULT FLASH_CACHE DEFAULT CELL_FLASH_CACHE DEFAULT)
  TABLESPACE "PRUEBAS"  ENABLE;
  ALTER TABLE "UJPA"."PAGOS" MODIFY ("CLIENTE_ID" NOT NULL ENABLE);
  ALTER TABLE "UJPA"."PAGOS" MODIFY ("MESANIO" NOT NULL ENABLE);
  ALTER TABLE "UJPA"."PAGOS" MODIFY ("IDPAGO" NOT NULL ENABLE);
--------------------------------------------------------
--  Constraints for Table ROLES_USUARIOS
--------------------------------------------------------

  ALTER TABLE "UJPA"."ROLES_USUARIOS" ADD CONSTRAINT "ROLES_USUARIOS_PK" PRIMARY KEY ("ROLE_ID")
  USING INDEX PCTFREE 10 INITRANS 2 MAXTRANS 255 COMPUTE STATISTICS 
  STORAGE(INITIAL 65536 NEXT 1048576 MINEXTENTS 1 MAXEXTENTS 2147483645
  PCTINCREASE 0 FREELISTS 1 FREELIST GROUPS 1 BUFFER_POOL DEFAULT FLASH_CACHE DEFAULT CELL_FLASH_CACHE DEFAULT)
  TABLESPACE "PRUEBAS"  ENABLE;
  ALTER TABLE "UJPA"."ROLES_USUARIOS" MODIFY ("ROLE_USER" NOT NULL ENABLE);
  ALTER TABLE "UJPA"."ROLES_USUARIOS" MODIFY ("USERNAME" NOT NULL ENABLE);
  ALTER TABLE "UJPA"."ROLES_USUARIOS" MODIFY ("ROLE_ID" NOT NULL ENABLE);
--------------------------------------------------------
--  Constraints for Table USUARIOS
--------------------------------------------------------

  ALTER TABLE "UJPA"."USUARIOS" ADD CONSTRAINT "USUARIOS_PK" PRIMARY KEY ("USERNAME")
  USING INDEX PCTFREE 10 INITRANS 2 MAXTRANS 255 COMPUTE STATISTICS 
  STORAGE(INITIAL 65536 NEXT 1048576 MINEXTENTS 1 MAXEXTENTS 2147483645
  PCTINCREASE 0 FREELISTS 1 FREELIST GROUPS 1 BUFFER_POOL DEFAULT FLASH_CACHE DEFAULT CELL_FLASH_CACHE DEFAULT)
  TABLESPACE "PRUEBAS"  ENABLE;
  ALTER TABLE "UJPA"."USUARIOS" MODIFY ("ENABLE" NOT NULL ENABLE);
  ALTER TABLE "UJPA"."USUARIOS" MODIFY ("PASSWORD" NOT NULL ENABLE);
  ALTER TABLE "UJPA"."USUARIOS" MODIFY ("USERNAME" NOT NULL ENABLE);
--------------------------------------------------------
--  Constraints for Table VISITAS
--------------------------------------------------------

  ALTER TABLE "UJPA"."VISITAS" ADD CONSTRAINT "VISITAS_PK" PRIMARY KEY ("IDVISITA")
  USING INDEX PCTFREE 10 INITRANS 2 MAXTRANS 255 COMPUTE STATISTICS 
  STORAGE(INITIAL 65536 NEXT 1048576 MINEXTENTS 1 MAXEXTENTS 2147483645
  PCTINCREASE 0 FREELISTS 1 FREELIST GROUPS 1 BUFFER_POOL DEFAULT FLASH_CACHE DEFAULT CELL_FLASH_CACHE DEFAULT)
  TABLESPACE "PRUEBAS"  ENABLE;
  ALTER TABLE "UJPA"."VISITAS" MODIFY ("EMPLEADO_IDEMPLEADO" NOT NULL ENABLE);
  ALTER TABLE "UJPA"."VISITAS" MODIFY ("CLIENTE_ID" NOT NULL ENABLE);
  ALTER TABLE "UJPA"."VISITAS" MODIFY ("IDVISITA" NOT NULL ENABLE);
--------------------------------------------------------
--  Ref Constraints for Table ACCIDENTES
--------------------------------------------------------

  ALTER TABLE "UJPA"."ACCIDENTES" ADD CONSTRAINT "ACCIDENTES_CLIENTE_FK" FOREIGN KEY ("CLIENTE_ID")
	  REFERENCES "UJPA"."CLIENTE" ("ID") ENABLE;
--------------------------------------------------------
--  Ref Constraints for Table ASESORIAS
--------------------------------------------------------

  ALTER TABLE "UJPA"."ASESORIAS" ADD CONSTRAINT "ASESORIAS_VISITAS_FK" FOREIGN KEY ("VISITAS_IDVISITA")
	  REFERENCES "UJPA"."VISITAS" ("IDVISITA") ENABLE;
--------------------------------------------------------
--  Ref Constraints for Table CAPACITACIONES
--------------------------------------------------------

  ALTER TABLE "UJPA"."CAPACITACIONES" ADD CONSTRAINT "CAPACITACIONES_VISITAS_FK" FOREIGN KEY ("VISITAS_IDVISITA")
	  REFERENCES "UJPA"."VISITAS" ("IDVISITA") ENABLE;
--------------------------------------------------------
--  Ref Constraints for Table CHEQUEO
--------------------------------------------------------

  ALTER TABLE "UJPA"."CHEQUEO" ADD CONSTRAINT "CHEQUEO_VISITAS_FK" FOREIGN KEY ("VISITAS_IDVISITA")
	  REFERENCES "UJPA"."VISITAS" ("IDVISITA") ENABLE;
--------------------------------------------------------
--  Ref Constraints for Table MEJORAS
--------------------------------------------------------

  ALTER TABLE "UJPA"."MEJORAS" ADD CONSTRAINT "MEJORAS_CLIENTE_FK" FOREIGN KEY ("CLIENTE_ID")
	  REFERENCES "UJPA"."CLIENTE" ("ID") ENABLE;
--------------------------------------------------------
--  Ref Constraints for Table PAGOS
--------------------------------------------------------

  ALTER TABLE "UJPA"."PAGOS" ADD CONSTRAINT "PAGOS_CLIENTE_FK" FOREIGN KEY ("CLIENTE_ID")
	  REFERENCES "UJPA"."CLIENTE" ("ID") ENABLE;
--------------------------------------------------------
--  Ref Constraints for Table ROLES_USUARIOS
--------------------------------------------------------

  ALTER TABLE "UJPA"."ROLES_USUARIOS" ADD CONSTRAINT "USERNAME_FK" FOREIGN KEY ("USERNAME")
	  REFERENCES "UJPA"."USUARIOS" ("USERNAME") ENABLE;
--------------------------------------------------------
--  Ref Constraints for Table VISITAS
--------------------------------------------------------

  ALTER TABLE "UJPA"."VISITAS" ADD CONSTRAINT "VISITAS_CLIENTE_FK" FOREIGN KEY ("CLIENTE_ID")
	  REFERENCES "UJPA"."CLIENTE" ("ID") ENABLE;
  ALTER TABLE "UJPA"."VISITAS" ADD CONSTRAINT "VISITAS_EMPLEADO_FK" FOREIGN KEY ("EMPLEADO_IDEMPLEADO")
	  REFERENCES "UJPA"."EMPLEADO" ("IDEMPLEADO") ENABLE;
